{"cameraMode":{"drawMode":0,"name":"Shaded","section":"Shading Mode"},"sceneLighting":true,"audioPlay":false,"sceneViewState":{"showFog":true,"showMaterialUpdate":false,"showSkybox":true,"showFlares":true,"showImageEffects":true,"showParticleSystems":true},"in2DMode":false,"pivot":{"x":-0.14159344136714936,"y":8.426482200622559,"z":-2.239469528198242},"rotation":{"x":-0.5680146217346191,"y":0.051678985357284549,"z":-0.035770006477832797,"w":-0.8206151127815247},"size":14.2420072555542,"orthographic":false}